Workbook

Sheet MOS
H1: SUBJECTS' RESULTS
B2: 1 | C2: 2 | D2: 3 | E2: 4 | F2: 5 | G2: 6 | H2: 7 | I2: 8 | J2: 9 | K2: 10 | L2: 11 | M2: 12 | N2: 13 | O2: 14 | P2: 15 | Q2: 16 | R2: 17 | S2: 18 | T2: 19 | U2: 20 | V2: 21 | W2: 22 | X2: 23 | Y2: 24 | Z2: 25 | AA2: 26 | AB2: 27 | AC2: 28 | AD2: 29 | AE2: 30 | AF2: 31 | AG2: 32 | AI2: MOS | AJ2: std | AK2: CI
A3: Fehn_c_Book_arrival_bh_8_to_10 | B3: 2 | C3: 1 | D3: 2 | E3: 3 | F3: 3 | G3: 2 | H3: 2 | I3: 4 | J3: 2 | K3: 1 | L3: 1 | M3: 2 | N3: 2 | O3: 2 | P3: 2 | Q3: 1 | R3: 3 | S3: 2 | T3: 2 | U3: 2 | V3: 3 | W3: 1 | X3: 2 | Y3: 3 | Z3: 3 | AA3: 3 | AB3: 4 | AC3: 2 | AD3: 2 | AE3: 3 | AF3: 2 | AG3: 2 | AI3: =AVERAGE(B3:AG3) -> 2.21875 | AJ3: =STDEVP(B3:AG3) -> 0.779999 | AK3: =1.96*AJ3/SQRT(32) -> 0.27025586
A4: Fehn_c_Book_arrival_bh_10_to_8 | B4: 2 | C4: 2 | D4: 2 | E4: 3 | F4: 3 | G4: 3 | H4: 2 | I4: 3 | J4: 4 | K4: 1 | L4: 1 | M4: 2 | N4: 2 | O4: 3 | P4: 3 | Q4: 1 | R4: 4 | S4: 1 | T4: 3 | U4: 2 | V4: 2 | W4: 2 | X4: 1 | Y4: 1 | Z4: 3 | AA4: 3 | AB4: 2 | AC4: 2 | AD4: 1 | AE4: 2 | AF4: 1 | AG4: 2 | AI4: =AVERAGE(B4:AG4) -> 2.15625 | AJ4: =STDEVP(B4:AG4) -> 0.86996318 | AK4: =1.96*AJ4/SQRT(32) -> 0.30142686
A5: Fehn_c_Book_arrival_sh_8_to_9 | B5: 4 | C5: 2 | D5: 4 | E5: 4 | F5: 3 | G5: 4 | H5: 4 | I5: 5 | J5: 3 | K5: 2 | L5: 3 | M5: 4 | N5: 4 | O5: 4 | P5: 3 | Q5: 2 | R5: 4 | S5: 4 | T5: 4 | U5: 3 | V5: 4 | W5: 3 | X5: 4 | Y5: 1 | Z5: 4 | AA5: 4 | AB5: 4 | AC5: 3 | AD5: 3 | AE5: 4 | AF5: 2 | AG5: 3 | AI5: =AVERAGE(B5:AG5) -> 3.40625 | AJ5: =STDEVP(B5:AG5) -> 0.86093608 | AK5: =1.96*AJ5/SQRT(32) -> 0.29829913
A6: Fehn_c_Book_arrival_sh_10_to_9 | B6: 4 | C6: 4 | D6: 3 | E6: 3 | F6: 3 | G6: 5 | H6: 4 | I6: 5 | J6: 5 | K6: 2 | L6: 2 | M6: 4 | N6: 3 | O6: 3 | P6: 3 | Q6: 4 | R6: 4 | S6: 4 | T6: 4 | U6: 4 | V6: 4 | W6: 4 | X6: 3 | Y6: 4 | Z6: 3 | AA6: 4 | AB6: 3 | AC6: 3 | AD6: 4 | AE6: 3 | AF6: 3 | AG6: 3 | AI6: =AVERAGE(B6:AG6) -> 3.5625 | AJ6: =STDEVP(B6:AG6) -> 0.7473913 | AK6: =1.96*AJ6/SQRT(32) -> 0.25895787
A7: Fehn_i_Book_arrival_bh_8_to_10 | B7: 3 | C7: 3 | D7: 2 | E7: 2 | F7: 2 | G7: 1 | H7: 1 | I7: 3 | J7: 3 | K7: 1 | L7: 1 | M7: 2 | N7: 2 | O7: 2 | P7: 1 | Q7: 1 | R7: 3 | S7: 1 | T7: 2 | U7: 2 | V7: 2 | W7: 2 | X7: 1 | Y7: 4 | Z7: 3 | AA7: 3 | AB7: 2 | AC7: 2 | AD7: 2 | AE7: 3 | AF7: 1 | AG7: 2 | AI7: =AVERAGE(B7:AG7) -> 2.03125 | AJ7: =STDEVP(B7:AG7) -> 0.80948962 | AK7: =1.96*AJ7/SQRT(32) -> 0.28047384
A8: Fehn_i_Book_arrival_bh_10_to_8 | B8: 3 | C8: 1 | D8: 3 | E8: 2 | F8: 2 | G8: 2 | H8: 2 | I8: 3 | J8: 3 | K8: 1 | L8: 1 | M8: 2 | N8: 2 | O8: 2 | P8: 2 | Q8: 1 | R8: 3 | S8: 1 | T8: 2 | U8: 3 | V8: 2 | W8: 2 | X8: 3 | Y8: 3 | Z8: 2 | AA8: 2 | AB8: 2 | AC8: 2 | AD8: 1 | AE8: 1 | AF8: 1 | AG8: 2 | AI8: =AVERAGE(B8:AG8) -> 2 | AJ8: =STDEVP(B8:AG8) -> 0.70710678 | AK8: =1.96*AJ8/SQRT(32) -> 0.245
A9: Fehn_i_Book_arrival_sh_8_to_9 | B9: 4 | C9: 2 | D9: 4 | E9: 3 | F9: 3 | G9: 4 | H9: 4 | I9: 4 | J9: 4 | K9: 2 | L9: 3 | M9: 3 | N9: 4 | O9: 3 | P9: 2 | Q9: 2 | R9: 4 | S9: 3 | T9: 3 | U9: 4 | V9: 3 | W9: 4 | X9: 3 | Y9: 4 | Z9: 4 | AA9: 4 | AB9: 2 | AC9: 3 | AD9: 3 | AE9: 2 | AF9: 2 | AG9: 3 | AI9: =AVERAGE(B9:AG9) -> 3.1875 | AJ9: =STDEVP(B9:AG9) -> 0.76801286 | AK9: =1.96*AJ9/SQRT(32) -> 0.26610288
A10: Fehn_i_Book_arrival_sh_10_to_9 | B10: 4 | C10: 3 | D10: 3 | E10: 3 | F10: 3 | G10: 4 | H10: 3 | I10: 3 | J10: 4 | K10: 2 | L10: 3 | M10: 3 | N10: 4 | O10: 2 | P10: 2 | Q10: 1 | R10: 3 | S10: 2 | T10: 3 | U10: 4 | V10: 3 | W10: 1 | X10: 2 | Y10: 3 | Z10: 2 | AA10: 3 | AB10: 4 | AC10: 4 | AD10: 3 | AE10: 3 | AF10: 2 | AG10: 2 | AI10: =AVERAGE(B10:AG10) -> 2.84375 | AJ10: =STDEVP(B10:AG10) -> 0.83326823 | AK10: =1.96*AJ10/SQRT(32) -> 0.28871271
A11: Holes_Book_arrival_bh_8_to_10 | B11: 1 | C11: 1 | D11: 1 | E11: 1 | F11: 1 | G11: 1 | H11: 1 | I11: 2 | J11: 1 | K11: 1 | L11: 1 | M11: 2 | N11: 1 | O11: 2 | P11: 1 | Q11: 1 | R11: 1 | S11: 1 | T11: 1 | U11: 1 | V11: 1 | W11: 1 | X11: 1 | Y11: 2 | Z11: 1 | AA11: 1 | AB11: 1 | AC11: 1 | AD11: 1 | AE11: 1 | AF11: 1 | AG11: 1 | AI11: =AVERAGE(B11:AG11) -> 1.125 | AJ11: =STDEVP(B11:AG11) -> 0.33071891 | AK11: =1.96*AJ11/SQRT(32) -> 0.11458826
A12: Holes_Book_arrival_bh_10_to_8 | B12: 1 | C12: 1 | D12: 1 | E12: 1 | F12: 1 | G12: 1 | H12: 1 | I12: 2 | J12: 1 | K12: 1 | L12: 1 | M12: 1 | N12: 1 | O12: 1 | P12: 1 | Q12: 1 | R12: 1 | S12: 2 | T12: 1 | U12: 1 | V12: 2 | W12: 1 | X12: 1 | Y12: 2 | Z12: 1 | AA12: 1 | AB12: 1 | AC12: 1 | AD12: 1 | AE12: 1 | AF12: 1 | AG12: 1 | AI12: =AVERAGE(B12:AG12) -> 1.125 | AJ12: =STDEVP(B12:AG12) -> 0.33071891 | AK12: =1.96*AJ12/SQRT(32) -> 0.11458826
A13: Holes_Book_arrival_sh_8_to_9 | B13: 1 | C13: 1 | D13: 1 | E13: 1 | F13: 1 | G13: 2 | H13: 1 | I13: 2 | J13: 2 | K13: 1 | L13: 1 | M13: 1 | N13: 2 | O13: 1 | P13: 1 | Q13: 1 | R13: 2 | S13: 1 | T13: 1 | U13: 1 | V13: 1 | W13: 1 | X13: 1 | Y13: 2 | Z13: 1 | AA13: 2 | AB13: 2 | AC13: 2 | AD13: 1 | AE13: 1 | AF13: 2 | AG13: 1 | AI13: =AVERAGE(B13:AG13) -> 1.3125 | AJ13: =STDEVP(B13:AG13) -> 0.46351241 | AK13: =1.96*AJ13/SQRT(32) -> 0.16059885
A14: Holes_Book_arrival_sh_10_to_9 | B14: 1 | C14: 1 | D14: 2 | E14: 1 | F14: 1 | G14: 2 | H14: 1 | I14: 2 | J14: 2 | K14: 1 | L14: 1 | M14: 3 | N14: 1 | O14: 1 | P14: 1 | Q14: 1 | R14: 2 | S14: 1 | T14: 1 | U14: 1 | V14: 1 | W14: 1 | X14: 1 | Y14: 2 | Z14: 1 | AA14: 1 | AB14: 1 | AC14: 1 | AD14: 2 | AE14: 1 | AF14: 1 | AG14: 1 | AI14: =AVERAGE(B14:AG14) -> 1.28125 | AJ14: =STDEVP(B14:AG14) -> 0.51443993 | AK14: =1.96*AJ14/SQRT(32) -> 0.17824434
... A104: newspaper_cam_04_qp44 | B104: 1 | C104: 1 | D104: 1 | E104: 1 | F104: 1 | G104: 1 | H104: 1 | I104: 2 | J104: 1 | K104: 1 | L104: 1 | M104: 1 | N104: 1 | O104: 2 | P104: 1 | Q104: 1 | R104: 1 | S104: 1 | T104: 1 | U104: 1 | V104: 2 | W104: 2 | X104: 2 | Y104: 2 | Z104: 1 | AA104: 1 | AB104: 2 | AC104: 1 | AD104: 1 | AE104: 1 | AF104: 1 | AG104: 1 | AI104: =AVERAGE(B104:AG104) -> 1.21875 | AJ104: =STDEVP(B104:AG104) -> 0.41339864 | AK104: =1.96*AJ104/SQRT(32) -> 0.14323532

Sheet DMOS
H1: SUBJECTS' RESULTS
B2: 1 | C2: 2 | D2: 3 | E2: 4 | F2: 5 | G2: 6 | H2: 7 | I2: 8 | J2: 9 | K2: 10 | L2: 11 | M2: 12 | N2: 13 | O2: 14 | P2: 15 | Q2: 16 | R2: 17 | S2: 18 | T2: 19 | U2: 20 | V2: 21 | W2: 22 | X2: 23 | Y2: 24 | Z2: 25 | AA2: 26 | AB2: 27 | AC2: 28 | AD2: 29 | AE2: 30 | AF2: 31 | AG2: 32 | AI2: DMOS | AJ2: MOS
A3: Book_arrival_A1_8_to_10.avi | B3: 2 | C3: 1 | D3: 2 | E3: 3 | F3: 3 | G3: 2 | H3: 2 | I3: 4 | J3: 2 | K3: 1 | L3: 1 | M3: 2 | N3: 2 | O3: 2 | P3: 2 | Q3: 1 | R3: 3 | S3: 2 | T3: 2 | U3: 2 | V3: 3 | W3: 1 | X3: 2 | Y3: 3 | Z3: 3 | AA3: 3 | AB3: 4 | AC3: 2 | AD3: 2 | AE3: 3 | AF3: 2 | AG3: 2 | AI3: =5+AVERAGE(B3:AG3)-MOS!AI33 -> 2.9375 | AJ3: =AVERAGE(B3:AG3) -> 2.21875
A4: Book_arrival_A1_10_to_8.avi | B4: 2 | C4: 2 | D4: 2 | E4: 3 | F4: 3 | G4: 3 | H4: 2 | I4: 3 | J4: 4 | K4: 1 | L4: 1 | M4: 2 | N4: 2 | O4: 3 | P4: 3 | Q4: 1 | R4: 4 | S4: 1 | T4: 3 | U4: 2 | V4: 2 | W4: 2 | X4: 1 | Y4: 1 | Z4: 3 | AA4: 3 | AB4: 2 | AC4: 2 | AD4: 1 | AE4: 2 | AF4: 1 | AG4: 2 | AI4: =5+AVERAGE(B4:AG4)-MOS!AI31 -> 3.1875 | AJ4: =AVERAGE(B4:AG4) -> 2.15625
A5: Book_arrival_A1_8_to_9.avi | B5: 4 | C5: 2 | D5: 4 | E5: 4 | F5: 3 | G5: 4 | H5: 4 | I5: 5 | J5: 3 | K5: 2 | L5: 3 | M5: 4 | N5: 4 | O5: 4 | P5: 3 | Q5: 2 | R5: 4 | S5: 4 | T5: 4 | U5: 3 | V5: 4 | W5: 3 | X5: 4 | Y5: 1 | Z5: 4 | AA5: 4 | AB5: 4 | AC5: 3 | AD5: 3 | AE5: 4 | AF5: 2 | AG5: 3 | AI5: =5+AVERAGE(B5:AG5)-MOS!AI32 -> 4.40625 | AJ5: =AVERAGE(B5:AG5) -> 3.40625
A6: Book_arrival_A1_10_to_9.avi | B6: 4 | C6: 4 | D6: 3 | E6: 3 | F6: 3 | G6: 5 | H6: 4 | I6: 5 | J6: 5 | K6: 2 | L6: 2 | M6: 4 | N6: 3 | O6: 3 | P6: 3 | Q6: 4 | R6: 4 | S6: 4 | T6: 4 | U6: 4 | V6: 4 | W6: 4 | X6: 3 | Y6: 4 | Z6: 3 | AA6: 4 | AB6: 3 | AC6: 3 | AD6: 4 | AE6: 3 | AF6: 3 | AG6: 3 | AI6: =5+AVERAGE(B6:AG6)-MOS!AI32 -> 4.5625 | AJ6: =AVERAGE(B6:AG6) -> 3.5625
A7: Book_arrival_A2_8_to_10.avi | B7: 3 | C7: 3 | D7: 2 | E7: 2 | F7: 2 | G7: 1 | H7: 1 | I7: 3 | J7: 3 | K7: 1 | L7: 1 | M7: 2 | N7: 2 | O7: 2 | P7: 1 | Q7: 1 | R7: 3 | S7: 1 | T7: 2 | U7: 2 | V7: 2 | W7: 2 | X7: 1 | Y7: 4 | Z7: 3 | AA7: 3 | AB7: 2 | AC7: 2 | AD7: 2 | AE7: 3 | AF7: 1 | AG7: 2 | AI7: =5+AVERAGE(B7:AG7)-MOS!AI33 -> 2.75 | AJ7: =AVERAGE(B7:AG7) -> 2.03125
A8: Book_arrival_A2_10_to_8.avi | B8: 3 | C8: 1 | D8: 3 | E8: 2 | F8: 2 | G8: 2 | H8: 2 | I8: 3 | J8: 3 | K8: 1 | L8: 1 | M8: 2 | N8: 2 | O8: 2 | P8: 2 | Q8: 1 | R8: 3 | S8: 1 | T8: 2 | U8: 3 | V8: 2 | W8: 2 | X8: 3 | Y8: 3 | Z8: 2 | AA8: 2 | AB8: 2 | AC8: 2 | AD8: 1 | AE8: 1 | AF8: 1 | AG8: 2 | AI8: =5+AVERAGE(B8:AG8)-MOS!AI31 -> 3.03125 | AJ8: =AVERAGE(B8:AG8) -> 2
A9: Book_arrival_A2_8_to_9.avi | B9: 4 | C9: 2 | D9: 4 | E9: 3 | F9: 3 | G9: 4 | H9: 4 | I9: 4 | J9: 4 | K9: 2 | L9: 3 | M9: 3 | N9: 4 | O9: 3 | P9: 2 | Q9: 2 | R9: 4 | S9: 3 | T9: 3 | U9: 4 | V9: 3 | W9: 4 | X9: 3 | Y9: 4 | Z9: 4 | AA9: 4 | AB9: 2 | AC9: 3 | AD9: 3 | AE9: 2 | AF9: 2 | AG9: 3 | AI9: =5+AVERAGE(B9:AG9)-MOS!AI32 -> 4.1875 | AJ9: =AVERAGE(B9:AG9) -> 3.1875
A10: Book_arrival_A2_10_to_9.avi | B10: 4 | C10: 3 | D10: 3 | E10: 3 | F10: 3 | G10: 4 | H10: 3 | I10: 3 | J10: 4 | K10: 2 | L10: 3 | M10: 3 | N10: 4 | O10: 2 | P10: 2 | Q10: 1 | R10: 3 | S10: 2 | T10: 3 | U10: 4 | V10: 3 | W10: 1 | X10: 2 | Y10: 3 | Z10: 2 | AA10: 3 | AB10: 4 | AC10: 4 | AD10: 3 | AE10: 3 | AF10: 2 | AG10: 2 | AI10: =5+AVERAGE(B10:AG10)-MOS!AI32 -> 3.84375 | AJ10: =AVERAGE(B10:AG10) -> 2.84375
A11: Book_arrival_A7_8_to_10.avi | B11: 1 | C11: 1 | D11: 1 | E11: 1 | F11: 1 | G11: 1 | H11: 1 | I11: 2 | J11: 1 | K11: 1 | L11: 1 | M11: 2 | N11: 1 | O11: 2 | P11: 1 | Q11: 1 | R11: 1 | S11: 1 | T11: 1 | U11: 1 | V11: 1 | W11: 1 | X11: 1 | Y11: 2 | Z11: 1 | AA11: 1 | AB11: 1 | AC11: 1 | AD11: 1 | AE11: 1 | AF11: 1 | AG11: 1 | AI11: =5+AVERAGE(B11:AG11)-MOS!AI33 -> 1.84375 | AJ11: =AVERAGE(B11:AG11) -> 1.125
A12: Book_arrival_A7_10_to_8.avi | B12: 1 | C12: 1 | D12: 1 | E12: 1 | F12: 1 | G12: 1 | H12: 1 | I12: 2 | J12: 1 | K12: 1 | L12: 1 | M12: 1 | N12: 1 | O12: 1 | P12: 1 | Q12: 1 | R12: 1 | S12: 2 | T12: 1 | U12: 1 | V12: 2 | W12: 1 | X12: 1 | Y12: 2 | Z12: 1 | AA12: 1 | AB12: 1 | AC12: 1 | AD12: 1 | AE12: 1 | AF12: 1 | AG12: 1 | AI12: =5+AVERAGE(B12:AG12)-MOS!AI31 -> 2.15625 | AJ12: =AVERAGE(B12:AG12) -> 1.125
A13: Book_arrival_A7_8_to_9.avi | B13: 1 | C13: 1 | D13: 1 | E13: 1 | F13: 1 | G13: 2 | H13: 1 | I13: 2 | J13: 2 | K13: 1 | L13: 1 | M13: 1 | N13: 2 | O13: 1 | P13: 1 | Q13: 1 | R13: 2 | S13: 1 | T13: 1 | U13: 1 | V13: 1 | W13: 1 | X13: 1 | Y13: 2 | Z13: 1 | AA13: 2 | AB13: 2 | AC13: 2 | AD13: 1 | AE13: 1 | AF13: 2 | AG13: 1 | AI13: =5+AVERAGE(B13:AG13)-MOS!AI32 -> 2.3125 | AJ13: =AVERAGE(B13:AG13) -> 1.3125
A14: Book_arrival_A7_10_to_9.avi | B14: 1 | C14: 1 | D14: 2 | E14: 1 | F14: 1 | G14: 2 | H14: 1 | I14: 2 | J14: 2 | K14: 1 | L14: 1 | M14: 3 | N14: 1 | O14: 1 | P14: 1 | Q14: 1 | R14: 2 | S14: 1 | T14: 1 | U14: 1 | V14: 1 | W14: 1 | X14: 1 | Y14: 2 | Z14: 1 | AA14: 1 | AB14: 1 | AC14: 1 | AD14: 2 | AE14: 1 | AF14: 1 | AG14: 1 | AI14: =5+AVERAGE(B14:AG14)-MOS!AI32 -> 2.28125 | AJ14: =AVERAGE(B14:AG14) -> 1.28125
A15: Book_arrival_A6_8_to_10.avi | B15: 3 | C15: 3 | D15: 2 | E15: 2 | F15: 2 | G15: 2 | H15: 2 | I15: 3 | J15: 3 | K15: 1 | L15: 2 | M15: 2 | N15: 2 | O15: 2 | P15: 2 | Q15: 1 | R15: 3 | S15: 1 | T15: 2 | U15: 3 | V15: 2 | W15: 1 | X15: 2 | Y15: 1 | Z15: 2 | AA15: 2 | AB15: 2 | AC15: 2 | AD15: 2 | AE15: 2 | AF15: 1 | AG15: 2 | AI15: =5+AVERAGE(B15:AG15)-MOS!AI33 -> 2.71875 | AJ15: =AVERAGE(B15:AG15) -> 2
A16: Book_arrival_A6_10_to_8.avi | B16: 2 | C16: 2 | D16: 2 | E16: 2 | F16: 1 | G16: 2 | H16: 2 | I16: 3 | J16: 3 | K16: 1 | L16: 2 | M16: 2 | N16: 2 | O16: 2 | P16: 2 | Q16: 1 | R16: 3 | S16: 1 | T16: 2 | U16: 3 | V16: 2 | W16: 2 | X16: 1 | Y16: 1 | Z16: 2 | AA16: 2 | AB16: 2 | AC16: 2 | AD16: 2 | AE16: 1 | AF16: 1 | AG16: 2 | AI16: =5+AVERAGE(B16:AG16)-MOS!AI31 -> 2.90625 | AJ16: =AVERAGE(B16:AG16) -> 1.875
A17: Book_arrival_A6_8_to_9.avi | B17: 3 | C17: 4 | D17: 3 | E17: 2 | F17: 3 | G17: 3 | H17: 3 | I17: 3 | J17: 4 | K17: 3 | L17: 3 | M17: 4 | N17: 4 | O17: 4 | P17: 3 | Q17: 3 | R17: 4 | S17: 3 | T17: 3 | U17: 3 | V17: 4 | W17: 3 | X17: 3 | Y17: 3 | Z17: 3 | AA17: 3 | AB17: 3 | AC17: 3 | AD17: 3 | AE17: 3 | AF17: 2 | AG17: 4 | AI17: =5+AVERAGE(B17:AG17)-MOS!AI32 -> 4.1875 | AJ17: =AVERAGE(B17:AG17) -> 3.1875
A18: Book_arrival_A6_10_to_9.avi | B18: 2 | C18: 1 | D18: 2 | E18: 3 | F18: 2 | G18: 2 | H18: 2 | I18: 3 | J18: 3 | K18: 2 | L18: 3 | M18: 2 | N18: 2 | O18: 3 | P18: 3 | Q18: 1 | R18: 3 | S18: 3 | T18: 3 | U18: 2 | V18: 3 | W18: 3 | X18: 2 | Y18: 1 | Z18: 2 | AA18: 3 | AB18: 2 | AC18: 3 | AD18: 2 | AE18: 3 | AF18: 2 | AG18: 3 | AI18: =5+AVERAGE(B18:AG18)-MOS!AI32 -> 3.375 | AJ18: =AVERAGE(B18:AG18) -> 2.375
A19: Book_arrival_A5_8_to_10.avi | B19: 2 | C19: 2 | D19: 2 | E19: 1 | F19: 3 | G19: 3 | H19: 2 | I19: 2 | J19: 2 | K19: 1 | L19: 3 | M19: 3 | N19: 2 | O19: 2 | P19: 2 | Q19: 1 | R19: 3 | S19: 1 | T19: 2 | U19: 2 | V19: 2 | W19: 1 | X19: 2 | Y19: 1 | Z19: 2 | AA19: 2 | AB19: 1 | AC19: 2 | AD19: 3 | AE19: 2 | AF19: 1 | AG19: 2 | AI19: =5+AVERAGE(B19:AG19)-MOS!AI33 -> 2.65625 | AJ19: =AVERAGE(B19:AG19) -> 1.9375
A20: Book_arrival_A5_10_to_8.avi | B20: 2 | C20: 1 | D20: 1 | E20: 2 | F20: 1 | G20: 3 | H20: 1 | I20: 3 | J20: 1 | K20: 1 | L20: 2 | M20: 1 | N20: 2 | O20: 1 | P20: 1 | Q20: 1 | R20: 3 | S20: 1 | T20: 3 | U20: 3 | V20: 2 | W20: 2 | X20: 2 | Y20: 2 | Z20: 2 | AA20: 2 | AB20: 1 | AC20: 2 | AD20: 1 | AE20: 1 | AF20: 1 | AG20: 2 | AI20: =5+AVERAGE(B20:AG20)-MOS!AI31 -> 2.71875 | AJ20: =AVERAGE(B20:AG20) -> 1.6875
A21: Book_arrival_A5_8_to_9.avi | B21: 2 | C21: 2 | D21: 2 | E21: 2 | F21: 3 | G21: 3 | H21: 2 | I21: 3 | J21: 2 | K21: 2 | L21: 3 | M21: 2 | N21: 3 | O21: 3 | P21: 2 | Q21: 2 | R21: 3 | S21: 2 | T21: 3 | U21: 3 | V21: 3 | W21: 2 | X21: 2 | Y21: 3 | Z21: 3 | AA21: 2 | AB21: 3 | AC21: 2 | AD21: 2 | AE21: 2 | AF21: 2 | AG21: 2 | AI21: =5+AVERAGE(B21:AG21)-MOS!AI32 -> 3.40625 | AJ21: =AVERAGE(B21:AG21) -> 2.40625
A22: Book_arrival_A5_10_to_9.avi | B22: 3 | C22: 2 | D22: 2 | E22: 3 | F22: 1 | G22: 2 | H22: 2 | I22: 3 | J22: 3 | K22: 1 | L22: 3 | M22: 3 | N22: 3 | O22: 2 | P22: 2 | Q22: 2 | R22: 3 | S22: 2 | T22: 2 | U22: 3 | V22: 3 | W22: 2 | X22: 2 | Y22: 1 | Z22: 3 | AA22: 3 | AB22: 2 | AC22: 2 | AD22: 2 | AE22: 3 | AF22: 2 | AG22: 3 | AI22: =5+AVERAGE(B22:AG22)-MOS!AI32 -> 3.34375 | AJ22: =AVERAGE(B22:AG22) -> 2.34375
A23: Book_arrival_A3_8_to_10.avi | B23: 2 | C23: 2 | D23: 2 | E23: 2 | F23: 2 | G23: 2 | H23: 2 | I23: 3 | J23: 2 | K23: 1 | L23: 2 | M23: 2 | N23: 2 | O23: 2 | P23: 2 | Q23: 1 | R23: 3 | S23: 2 | T23: 2 | U23: 2 | V23: 3 | W23: 2 | X23: 2 | Y23: 1 | Z23: 2 | AA23: 2 | AB23: 2 | AC23: 2 | AD23: 2 | AE23: 2 | AF23: 1 | AG23: 2 | AI23: =5+AVERAGE(B23:AG23)-MOS!AI33 -> 2.6875 | AJ23: =AVERAGE(B23:AG23) -> 1.96875
A24: Book_arrival_A3_10_to_8.avi | B24: 2 | C24: 2 | D24: 2 | E24: 2 | F24: 2 | G24: 2 | H24: 2 | I24: 3 | J24: 2 | K24: 1 | L24: 2 | M24: 2 | N24: 2 | O24: 3 | P24: 2 | Q24: 1 | R24: 3 | S24: 1 | T24: 2 | U24: 2 | V24: 2 | W24: 2 | X24: 2 | Y24: 1 | Z24: 2 | AA24: 2 | AB24: 3 | AC24: 2 | AD24: 2 | AE24: 2 | AF24: 1 | AG24: 2 | AI24: =5+AVERAGE(B24:AG24)-MOS!AI31 -> 3 | AJ24: =AVERAGE(B24:AG24) -> 1.96875
A25: Book_arrival_A3_8_to_9.avi | B25: 2 | C25: 3 | D25: 3 | E25: 2 | F25: 3 | G25: 3 | H25: 3 | I25: 4 | J25: 3 | K25: 2 | L25: 3 | M25: 3 | N25: 3 | O25: 3 | P25: 2 | Q25: 2 | R25: 4 | S25: 3 | T25: 2 | U25: 4 | V25: 3 | W25: 3 | X25: 3 | Y25: 3 | Z25: 4 | AA25: 4 | AB25: 3 | AC25: 2 | AD25: 3 | AE25: 3 | AF25: 2 | AG25: 3 | AI25: =5+AVERAGE(B25:AG25)-MOS!AI32 -> 3.90625 | AJ25: =AVERAGE(B25:AG25) -> 2.90625
A26: Book_arrival_A3_10_to_9.avi | B26: 2 | C26: 2 | D26: 3 | E26: 3 | F26: 3 | G26: 2 | H26: 2 | I26: 3 | J26: 3 | K26: 2 | L26: 3 | M26: 4 | N26: 3 | O26: 2 | P26: 2 | Q26: 1 | R26: 4 | S26: 3 | T26: 3 | U26: 2 | V26: 3 | W26: 3 | X26: 2 | Y26: 1 | Z26: 2 | AA26: 3 | AB26: 3 | AC26: 2 | AD26: 2 | AE26: 2 | AF26: 1 | AG26: 3 | AI26: =5+AVERAGE(B26:AG26)-MOS!AI32 -> 3.46875 | AJ26: =AVERAGE(B26:AG26) -> 2.46875
A27: Book_arrival_A4_8_to_10.avi | B27: 2 | C27: 2 | D27: 2 | E27: 2 | F27: 2 | G27: 2 | H27: 2 | I27: 3 | J27: 1 | K27: 1 | L27: 2 | M27: 1 | N27: 2 | O27: 3 | P27: 1 | Q27: 1 | R27: 3 | S27: 1 | T27: 2 | U27: 2 | V27: 2 | W27: 2 | X27: 2 | Y27: 1 | Z27: 2 | AA27: 2 | AB27: 2 | AC27: 2 | AD27: 2 | AE27: 2 | AF27: 1 | AG27: 2 | AI27: =5+AVERAGE(B27:AG27)-MOS!AI33 -> 2.5625 | AJ27: =AVERAGE(B27:AG27) -> 1.84375
A28: Book_arrival_A4_10_to_8.avi | B28: 3 | C28: 2 | D28: 2 | E28: 2 | F28: 2 | G28: 2 | H28: 1 | I28: 3 | J28: 2 | K28: 1 | L28: 3 | M28: 2 | N28: 2 | O28: 2 | P28: 2 | Q28: 1 | R28: 3 | S28: 1 | T28: 2 | U28: 2 | V28: 2 | W28: 3 | X28: 1 | Y28: 1 | Z28: 2 | AA28: 2 | AB28: 2 | AC28: 2 | AD28: 1 | AE28: 1 | AF28: 1 | AG28: 2 | AI28: =5+AVERAGE(B28:AG28)-MOS!AI31 -> 2.90625 | AJ28: =AVERAGE(B28:AG28) -> 1.875
A29: Book_arrival_A4_8_to_9.avi | B29: 3 | C29: 3 | D29: 2 | E29: 2 | F29: 3 | G29: 2 | H29: 2 | I29: 3 | J29: 2 | K29: 2 | L29: 3 | M29: 2 | N29: 4 | O29: 2 | P29: 2 | Q29: 1 | R29: 3 | S29: 1 | T29: 3 | U29: 3 | V29: 3 | W29: 2 | X29: 2 | Y29: 3 | Z29: 2 | AA29: 3 | AB29: 3 | AC29: 3 | AD29: 3 | AE29: 2 | AF29: 2 | AG29: 2 | AI29: =5+AVERAGE(B29:AG29)-MOS!AI32 -> 3.4375 | AJ29: =AVERAGE(B29:AG29) -> 2.4375
A30: Book_arrival_A4_10_to_9.avi | B30: 2 | C30: 2 | D30: 3 | E30: 3 | F30: 2 | G30: 3 | H30: 2 | I30: 3 | J30: 3 | K30: 1 | L30: 2 | M30: 2 | N30: 3 | O30: 3 | P30: 2 | Q30: 1 | R30: 3 | S30: 1 | T30: 2 | U30: 2 | V30: 2 | W30: 3 | X30: 2 | Y30: 3 | Z30: 2 | AA30: 3 | AB30: 2 | AC30: 2 | AD30: 2 | AE30: 1 | AF30: 2 | AG30: 3 | AI30: =5+AVERAGE(B30:AG30)-MOS!AI32 -> 3.25 | AJ30: =AVERAGE(B30:AG30) -> 2.25
A31: Book_arrival_cam_08 | B31: 3 | C31: 3 | D31: 4 | E31: 3 | F31: 5 | G31: 5 | H31: 3 | I31: 5 | J31: 5 | K31: 2 | L31: 4 | M31: 3 | N31: 5 | O31: 2 | P31: 3 | Q31: 4 | R31: 4 | S31: 4 | T31: 5 | U31: 5 | V31: 4 | W31: 5 | X31: 3 | Y31: 5 | Z31: 4 | AA31: 4 | AB31: 4 | AC31: 4 | AD31: 4 | AE31: 5 | AF31: 3 | AG31: 5 | AI31: =5+AVERAGE(B31:AG31)-MOS!AI31 -> 5 | AJ31: =AVERAGE(B31:AG31) -> 3.96875
A32: Book_arrival_cam_09 | B32: 4 | C32: 3 | D32: 4 | E32: 3 | F32: 4 | G32: 5 | H32: 3 | I32: 5 | J32: 5 | K32: 2 | L32: 4 | M32: 4 | N32: 4 | O32: 3 | P32: 4 | Q32: 5 | R32: 5 | S32: 4 | T32: 5 | U32: 4 | V32: 5 | W32: 3 | X32: 4 | Y32: 5 | Z32: 4 | AA32: 5 | AB32: 5 | AC32: 4 | AD32: 4 | AE32: 3 | AF32: 2 | AG32: 4 | AI32: =5+AVERAGE(B32:AG32)-MOS!AI32 -> 5 | AJ32: =AVERAGE(B32:AG32) -> 4
A33: Book_arrival_cam_10 | B33: 4 | C33: 4 | D33: 4 | E33: 2 | F33: 5 | G33: 4 | H33: 4 | I33: 4 | J33: 5 | K33: 1 | L33: 4 | M33: 5 | N33: 5 | O33: 5 | P33: 4 | Q33: 5 | R33: 4 | S33: 5 | T33: 5 | U33: 5 | V33: 5 | W33: 4 | X33: 3 | Y33: 4 | Z33: 5 | AA33: 5 | AB33: 5 | AC33: 5 | AD33: 5 | AE33: 4 | AF33: 3 | AG33: 5 | AI33: =5+AVERAGE(B33:AG33)-MOS!AI33 -> 5 | AJ33: =AVERAGE(B33:AG33) -> 4.28125
A34: Book_arrival_cam_08_qp26 | B34: 5 | C34: 3 | D34: 3 | E34: 3 | F34: 5 | G34: 4 | H34: 4 | I34: 4 | J34: 5 | K34: 2 | L34: 4 | M34: 4 | N34: 3 | O34: 4 | P34: 4 | Q34: 5 | R34: 5 | S34: 4 | T34: 5 | U34: 4 | V34: 4 | W34: 4 | X34: 4 | Y34: 4 | Z34: 4 | AA34: 3 | AB34: 3 | AC34: 4 | AD34: 4 | AE34: 4 | AF34: 3 | AG34: 4 | AI34: =5+AVERAGE(B34:AG34)-MOS!AI31 -> 4.9375 | AJ34: =AVERAGE(B34:AG34) -> 3.90625
A35: Book_arrival_cam_08_qp34 | B35: 1 | C35: 4 | D35: 4 | E35: 2 | F35: 3 | G35: 4 | H35: 3 | I35: 3 | J35: 4 | K35: 1 | L35: 3 | M35: 4 | N35: 3 | O35: 3 | P35: 2 | Q35: 3 | R35: 4 | S35: 3 | T35: 4 | U35: 3 | V35: 4 | W35: 3 | X35: 3 | Y35: 3 | Z35: 4 | AA35: 2 | AB35: 1 | AC35: 3 | AD35: 4 | AE35: 3 | AF35: 2 | AG35: 3 | AI35: =5+AVERAGE(B35:AG35)-MOS!AI31 -> 4.03125 | AJ35: =AVERAGE(B35:AG35) -> 3
A36: Book_arrival_cam_08_qp44 | B36: 1 | C36: 1 | D36: 1 | E36: 1 | F36: 1 | G36: 1 | H36: 1 | I36: 2 | J36: 1 | K36: 1 | L36: 1 | M36: 1 | N36: 1 | O36: 1 | P36: 1 | Q36: 1 | R36: 1 | S36: 1 | T36: 1 | U36: 1 | V36: 1 | W36: 1 | X36: 1 | Y36: 2 | Z36: 1 | AA36: 1 | AB36: 1 | AC36: 1 | AD36: 1 | AE36: 1 | AF36: 1 | AG36: 1 | AI36: =5+AVERAGE(B36:AG36)-MOS!AI31 -> 2.09375 | AJ36: =AVERAGE(B36:AG36) -> 1.0625
A37: Lovebird1_A1_6_to_8.avi | B37: 1 | C37: 1 | D37: 2 | E37: 2 | F37: 3 | G37: 1 | H37: 1 | I37: 3 | J37: 2 | K37: 1 | L37: 1 | M37: 2 | N37: 2 | O37: 2 | P37: 2 | Q37: 2 | R37: 3 | S37: 1 | T37: 2 | U37: 2 | V37: 2 | W37: 2 | X37: 3 | Y37: 3 | Z37: 2 | AA37: 2 | AB37: 1 | AC37: 2 | AD37: 2 | AE37: 1 | AF37: 1 | AG37: 2 | AI37: =5+AVERAGE(B37:AG37)-MOS!AI67 -> 2.84375 | AJ37: =AVERAGE(B37:AG37) -> 1.84375
A38: Lovebird1_A1_8_to_6.avi | B38: 2 | C38: 1 | D38: 2 | E38: 3 | F38: 3 | G38: 2 | H38: 1 | I38: 3 | J38: 1 | K38: 1 | L38: 2 | M38: 1 | N38: 2 | O38: 2 | P38: 2 | Q38: 1 | R38: 4 | S38: 1 | T38: 3 | U38: 1 | V38: 2 | W38: 2 | X38: 2 | Y38: 1 | Z38: 2 | AA38: 2 | AB38: 2 | AC38: 3 | AD38: 3 | AE38: 2 | AF38: 1 | AG38: 2 | AI38: =5+AVERAGE(B38:AG38)-MOS!AI65 -> 3.03125 | AJ38: =AVERAGE(B38:AG38) -> 1.9375
A39: Lovebird1_A1_6_to_7.avi | B39: 2 | C39: 3 | D39: 2 | E39: 3 | F39: 3 | G39: 3 | H39: 2 | I39: 4 | J39: 4 | K39: 2 | L39: 2 | M39: 4 | N39: 3 | O39: 3 | P39: 3 | Q39: 2 | R39: 4 | S39: 1 | T39: 4 | U39: 3 | V39: 3 | W39: 3 | X39: 3 | Y39: 3 | Z39: 4 | AA39: 2 | AB39: 3 | AC39: 3 | AD39: 3 | AE39: 3 | AF39: 2 | AG39: 4 | AI39: =5+AVERAGE(B39:AG39)-MOS!AI66 -> 3.65625 | AJ39: =AVERAGE(B39:AG39) -> 2.90625
A40: Lovebird1_A1_8_to_7.avi | B40: 2 | C40: 3 | D40: 3 | E40: 3 | F40: 3 | G40: 2 | H40: 2 | I40: 4 | J40: 4 | K40: 1 | L40: 2 | M40: 4 | N40: 3 | O40: 3 | P40: 4 | Q40: 3 | R40: 4 | S40: 2 | T40: 4 | U40: 3 | V40: 3 | W40: 3 | X40: 3 | Y40: 4 | Z40: 2 | AA40: 2 | AB40: 2 | AC40: 2 | AD40: 3 | AE40: 2 | AF40: 2 | AG40: 2 | AI40: =5+AVERAGE(B40:AG40)-MOS!AI66 -> 3.53125 | AJ40: =AVERAGE(B40:AG40) -> 2.78125
A41: Lovebird1_A2_6_to_8.avi | B41: 1 | C41: 1 | D41: 1 | E41: 2 | F41: 2 | G41: 2 | H41: 1 | I41: 3 | J41: 1 | K41: 1 | L41: 1 | M41: 2 | N41: 2 | O41: 2 | P41: 2 | Q41: 1 | R41: 3 | S41: 1 | T41: 3 | U41: 2 | V41: 3 | W41: 2 | X41: 2 | Y41: 3 | Z41: 2 | AA41: 3 | AB41: 2 | AC41: 2 | AD41: 2 | AE41: 2 | AF41: 1 | AG41: 2 | AI41: =5+AVERAGE(B41:AG41)-MOS!AI67 -> 2.875 | AJ41: =AVERAGE(B41:AG41) -> 1.875
A42: Lovebird1_A2_8_to_6.avi | B42: 2 | C42: 1 | D42: 3 | E42: 1 | F42: 2 | G42: 2 | H42: 2 | I42: 2 | J42: 3 | K42: 1 | L42: 1 | M42: 2 | N42: 2 | O42: 2 | P42: 2 | Q42: 2 | R42: 4 | S42: 1 | T42: 3 | U42: 2 | V42: 2 | W42: 2 | X42: 2 | Y42: 1 | Z42: 2 | AA42: 2 | AB42: 2 | AC42: 2 | AD42: 2 | AE42: 2 | AF42: 1 | AG42: 3 | AI42: =5+AVERAGE(B42:AG42)-MOS!AI65 -> 3.0625 | AJ42: =AVERAGE(B42:AG42) -> 1.96875
A43: Lovebird1_A2_6_to_7.avi | B43: 2 | C43: 3 | D43: 3 | E43: 2 | F43: 3 | G43: 3 | H43: 2 | I43: 4 | J43: 3 | K43: 1 | L43: 3 | M43: 3 | N43: 3 | O43: 3 | P43: 3 | Q43: 3 | R43: 4 | S43: 3 | T43: 3 | U43: 2 | V43: 3 | W43: 2 | X43: 3 | Y43: 3 | Z43: 3 | AA43: 2 | AB43: 2 | AC43: 4 | AD43: 3 | AE43: 2 | AF43: 2 | AG43: 3 | AI43: =5+AVERAGE(B43:AG43)-MOS!AI66 -> 3.5 | AJ43: =AVERAGE(B43:AG43) -> 2.75
A44: Lovebird1_A2_8_to_7.avi | B44: 2 | C44: 4 | D44: 2 | E44: 3 | F44: 3 | G44: 2 | H44: 2 | I44: 4 | J44: 3 | K44: 1 | L44: 2 | M44: 2 | N44: 3 | O44: 3 | P44: 3 | Q44: 3 | R44: 4 | S44: 1 | T44: 4 | U44: 2 | V44: 3 | W44: 4 | X44: 2 | Y44: 3 | Z44: 3 | AA44: 4 | AB44: 2 | AC44: 3 | AD44: 3 | AE44: 2 | AF44: 2 | AG44: 3 | AI44: =5+AVERAGE(B44:AG44)-MOS!AI66 -> 3.46875 | AJ44: =AVERAGE(B44:AG44) -> 2.71875
A45: Lovebird1_A7_6_to_8.avi | B45: 1 | C45: 1 | D45: 1 | E45: 2 | F45: 1 | G45: 1 | H45: 1 | I45: 2 | J45: 1 | K45: 1 | L45: 1 | M45: 3 | N45: 1 | O45: 1 | P45: 1 | Q45: 1 | R45: 2 | S45: 1 | T45: 1 | U45: 1 | V45: 1 | W45: 1 | X45: 1 | Y45: 2 | Z45: 2 | AA45: 1 | AB45: 1 | AC45: 2 | AD45: 1 | AE45: 1 | AF45: 1 | AG45: 2 | AI45: =5+AVERAGE(B45:AG45)-MOS!AI67 -> 2.28125 | AJ45: =AVERAGE(B45:AG45) -> 1.28125
A46: Lovebird1_A7_8_to_6.avi | B46: 1 | C46: 1 | D46: 2 | E46: 1 | F46: 1 | G46: 1 | H46: 1 | I46: 2 | J46: 1 | K46: 1 | L46: 1 | M46: 1 | N46: 1 | O46: 1 | P46: 2 | Q46: 1 | R46: 2 | S46: 1 | T46: 2 | U46: 1 | V46: 1 | W46: 1 | X46: 1 | Y46: 2 | Z46: 2 | AA46: 2 | AB46: 1 | AC46: 1 | AD46: 1 | AE46: 1 | AF46: 1 | AG46: 1 | AI46: =5+AVERAGE(B46:AG46)-MOS!AI65 -> 2.34375 | AJ46: =AVERAGE(B46:AG46) -> 1.25
A47: Lovebird1_A7_6_to_7.avi | B47: 1 | C47: 2 | D47: 1 | E47: 2 | F47: 1 | G47: 2 | H47: 1 | I47: 2 | J47: 2 | K47: 1 | L47: 1 | M47: 3 | N47: 1 | O47: 2 | P47: 3 | Q47: 2 | R47: 2 | S47: 2 | T47: 1 | U47: 1 | V47: 2 | W47: 2 | X47: 1 | Y47: 1 | Z47: 2 | AA47: 2 | AB47: 1 | AC47: 2 | AD47: 2 | AE47: 2 | AF47: 2 | AG47: 2 | AI47: =5+AVERAGE(B47:AG47)-MOS!AI66 -> 2.4375 | AJ47: =AVERAGE(B47:AG47) -> 1.6875
A48: Lovebird1_A7_8_to_7.avi | B48: 1 | C48: 2 | D48: 1 | E48: 2 | F48: 1 | G48: 2 | H48: 1 | I48: 2 | J48: 2 | K48: 1 | L48: 1 | M48: 2 | N48: 3 | O48: 1 | P48: 2 | Q48: 1 | R48: 2 | S48: 1 | T48: 2 | U48: 1 | V48: 1 | W48: 1 | X48: 1 | Y48: 2 | Z48: 1 | AA48: 1 | AB48: 1 | AC48: 2 | AD48: 2 | AE48: 2 | AF48: 1 | AG48: 2 | AI48: =5+AVERAGE(B48:AG48)-MOS!AI66 -> 2.25 | AJ48: =AVERAGE(B48:AG48) -> 1.5
A49: Lovebird1_A6_6_to_8.avi | B49: 2 | C49: 2 | D49: 2 | E49: 2 | F49: 2 | G49: 1 | H49: 1 | I49: 3 | J49: 2 | K49: 1 | L49: 2 | M49: 2 | N49: 2 | O49: 3 | P49: 2 | Q49: 2 | R49: 3 | S49: 1 | T49: 3 | U49: 2 | V49: 2 | W49: 1 | X49: 2 | Y49: 1 | Z49: 2 | AA49: 2 | AB49: 1 | AC49: 3 | AD49: 2 | AE49: 2 | AF49: 2 | AG49: 3 | AI49: =5+AVERAGE(B49:AG49)-MOS!AI67 -> 2.96875 | AJ49: =AVERAGE(B49:AG49) -> 1.96875
A50: Lovebird1_A6_8_to_6.avi | B50: 2 | C50: 2 | D50: 1 | E50: 2 | F50: 2 | G50: 2 | H50: 2 | I50: 3 | J50: 2 | K50: 1 | L50: 1 | M50: 2 | N50: 2 | O50: 2 | P50: 3 | Q50: 1 | R50: 3 | S50: 1 | T50: 2 | U50: 2 | V50: 3 | W50: 1 | X50: 2 | Y50: 1 | Z50: 2 | AA50: 2 | AB50: 2 | AC50: 2 | AD50: 2 | AE50: 2 | AF50: 1 | AG50: 3 | AI50: =5+AVERAGE(B50:AG50)-MOS!AI65 -> 3 | AJ50: =AVERAGE(B50:AG50) -> 1.90625
A51: Lovebird1_A6_6_to_7.avi | B51: 2 | C51: 2 | D51: 2 | E51: 3 | F51: 3 | G51: 2 | H51: 2 | I51: 4 | J51: 2 | K51: 1 | L51: 3 | M51: 3 | N51: 2 | O51: 2 | P51: 3 | Q51: 1 | R51: 3 | S51: 1 | T51: 2 | U51: 2 | V51: 3 | W51: 2 | X51: 3 | Y51: 1 | Z51: 2 | AA51: 3 | AB51: 2 | AC51: 3 | AD51: 3 | AE51: 3 | AF51: 2 | AG51: 3 | AI51: =5+AVERAGE(B51:AG51)-MOS!AI66 -> 3.09375 | AJ51: =AVERAGE(B51:AG51) -> 2.34375
A52: Lovebird1_A6_8_to_7.avi | B52: 2 | C52: 2 | D52: 2 | E52: 2 | F52: 3 | G52: 3 | H52: 2 | I52: 3 | J52: 2 | K52: 2 | L52: 1 | M52: 3 | N52: 3 | O52: 2 | P52: 3 | Q52: 1 | R52: 3 | S52: 1 | T52: 4 | U52: 2 | V52: 3 | W52: 2 | X52: 3 | Y52: 1 | Z52: 2 | AA52: 2 | AB52: 2 | AC52: 2 | AD52: 3 | AE52: 2 | AF52: 2 | AG52: 3 | AI52: =5+AVERAGE(B52:AG52)-MOS!AI66 -> 3.03125 | AJ52: =AVERAGE(B52:AG52) -> 2.28125
A53: Lovebird1_A5_6_to_8.avi | B53: 2 | C53: 2 | D53: 2 | E53: 2 | F53: 3 | G53: 2 | H53: 1 | I53: 3 | J53: 2 | K53: 1 | L53: 2 | M53: 2 | N53: 2 | O53: 2 | P53: 3 | Q53: 1 | R53: 3 | S53: 1 | T53: 2 | U53: 2 | V53: 2 | W53: 1 | X53: 2 | Y53: 1 | Z53: 2 | AA53: 2 | AB53: 1 | AC53: 2 | AD53: 3 | AE53: 2 | AF53: 1 | AG53: 2 | AI53: =5+AVERAGE(B53:AG53)-MOS!AI67 -> 2.90625 | AJ53: =AVERAGE(B53:AG53) -> 1.90625
A54: Lovebird1_A5_8_to_6.avi | B54: 2 | C54: 1 | D54: 2 | E54: 2 | F54: 2 | G54: 2 | H54: 1 | I54: 3 | J54: 1 | K54: 2 | L54: 2 | M54: 2 | N54: 3 | O54: 2 | P54: 2 | Q54: 1 | R54: 3 | S54: 1 | T54: 2 | U54: 2 | V54: 3 | W54: 2 | X54: 2 | Y54: 1 | Z54: 2 | AA54: 2 | AB54: 2 | AC54: 2 | AD54: 2 | AE54: 2 | AF54: 1 | AG54: 2 | AI54: =5+AVERAGE(B54:AG54)-MOS!AI65 -> 3 | AJ54: =AVERAGE(B54:AG54) -> 1.90625
A55: Lovebird1_A5_6_to_7.avi | B55: 1 | C55: 1 | D55: 2 | E55: 2 | F55: 2 | G55: 2 | H55: 2 | I55: 3 | J55: 2 | K55: 1 | L55: 2 | M55: 3 | N55: 3 | O55: 2 | P55: 3 | Q55: 2 | R55: 3 | S55: 2 | T55: 3 | U55: 2 | V55: 3 | W55: 1 | X55: 2 | Y55: 3 | Z55: 2 | AA55: 3 | AB55: 2 | AC55: 2 | AD55: 4 | AE55: 2 | AF55: 1 | AG55: 3 | AI55: =5+AVERAGE(B55:AG55)-MOS!AI66 -> 2.96875 | AJ55: =AVERAGE(B55:AG55) -> 2.21875
A56: Lovebird1_A5_8_to_7.avi | B56: 1 | C56: 2 | D56: 2 | E56: 2 | F56: 3 | G56: 3 | H56: 2 | I56: 3 | J56: 2 | K56: 1 | L56: 2 | M56: 2 | N56: 3 | O56: 2 | P56: 2 | Q56: 1 | R56: 3 | S56: 2 | T56: 3 | U56: 2 | V56: 3 | W56: 1 | X56: 3 | Y56: 1 | Z56: 3 | AA56: 2 | AB56: 1 | AC56: 2 | AD56: 2 | AE56: 2 | AF56: 1 | AG56: 2 | AI56: =5+AVERAGE(B56:AG56)-MOS!AI66 -> 2.8125 | AJ56: =AVERAGE(B56:AG56) -> 2.0625
A57: Lovebird1_A3_6_to_8.avi | B57: 2 | C57: 1 | D57: 2 | E57: 2 | F57: 2 | G57: 2 | H57: 1 | I57: 3 | J57: 2 | K57: 1 | L57: 1 | M57: 2 | N57: 2 | O57: 1 | P57: 2 | Q57: 2 | R57: 3 | S57: 2 | T57: 3 | U57: 2 | V57: 2 | W57: 1 | X57: 2 | Y57: 1 | Z57: 2 | AA57: 2 | AB57: 2 | AC57: 2 | AD57: 2 | AE57: 1 | AF57: 2 | AG57: 2 | AI57: =5+AVERAGE(B57:AG57)-MOS!AI67 -> 2.84375 | AJ57: =AVERAGE(B57:AG57) -> 1.84375
A58: Lovebird1_A3_8_to_6.avi | B58: 2 | C58: 1 | D58: 1 | E58: 2 | F58: 2 | G58: 2 | H58: 1 | I58: 3 | J58: 1 | K58: 1 | L58: 2 | M58: 1 | N58: 2 | O58: 2 | P58: 3 | Q58: 2 | R58: 3 | S58: 1 | T58: 2 | U58: 2 | V58: 2 | W58: 1 | X58: 3 | Y58: 1 | Z58: 2 | AA58: 2 | AB58: 1 | AC58: 2 | AD58: 2 | AE58: 2 | AF58: 1 | AG58: 3 | AI58: =5+AVERAGE(B58:AG58)-MOS!AI65 -> 2.90625 | AJ58: =AVERAGE(B58:AG58) -> 1.8125
A59: Lovebird1_A3_6_to_7.avi | B59: 2 | C59: 2 | D59: 2 | E59: 2 | F59: 3 | G59: 2 | H59: 1 | I59: 3 | J59: 3 | K59: 1 | L59: 2 | M59: 3 | N59: 2 | O59: 3 | P59: 3 | Q59: 2 | R59: 3 | S59: 1 | T59: 3 | U59: 2 | V59: 3 | W59: 2 | X59: 2 | Y59: 1 | Z59: 2 | AA59: 2 | AB59: 2 | AC59: 2 | AD59: 2 | AE59: 2 | AF59: 1 | AG59: 3 | AI59: =5+AVERAGE(B59:AG59)-MOS!AI66 -> 2.90625 | AJ59: =AVERAGE(B59:AG59) -> 2.15625
A60: Lovebird1_A3_8_to_7.avi | B60: 2 | C60: 2 | D60: 2 | E60: 2 | F60: 3 | G60: 3 | H60: 2 | I60: 3 | J60: 2 | K60: 1 | L60: 3 | M60: 3 | N60: 3 | O60: 3 | P60: 3 | Q60: 1 | R60: 3 | S60: 3 | T60: 3 | U60: 2 | V60: 3 | W60: 1 | X60: 3 | Y60: 1 | Z60: 2 | AA60: 2 | AB60: 3 | AC60: 2 | AD60: 3 | AE60: 2 | AF60: 1 | AG60: 2 | AI60: =5+AVERAGE(B60:AG60)-MOS!AI66 -> 3.0625 | AJ60: =AVERAGE(B60:AG60) -> 2.3125
A61: Lovebird1_A4_6_to_8.avi | B61: 2 | C61: 2 | D61: 1 | E61: 2 | F61: 3 | G61: 2 | H61: 1 | I61: 3 | J61: 2 | K61: 1 | L61: 1 | M61: 2 | N61: 2 | O61: 3 | P61: 2 | Q61: 1 | R61: 3 | S61: 1 | T61: 2 | U61: 2 | V61: 2 | W61: 2 | X61: 2 | Y61: 1 | Z61: 2 | AA61: 2 | AB61: 1 | AC61: 2 | AD61: 1 | AE61: 2 | AF61: 1 | AG61: 3 | AI61: =5+AVERAGE(B61:AG61)-MOS!AI67 -> 2.84375 | AJ61: =AVERAGE(B61:AG61) -> 1.84375
A62: Lovebird1_A4_8_to_6.avi | B62: 2 | C62: 1 | D62: 1 | E62: 2 | F62: 3 | G62: 3 | H62: 2 | I62: 3 | J62: 1 | K62: 1 | L62: 2 | M62: 2 | N62: 3 | O62: 3 | P62: 2 | Q62: 1 | R62: 3 | S62: 1 | T62: 3 | U62: 2 | V62: 2 | W62: 2 | X62: 2 | Y62: 3 | Z62: 2 | AA62: 2 | AB62: 2 | AC62: 2 | AD62: 1 | AE62: 2 | AF62: 1 | AG62: 3 | AI62: =5+AVERAGE(B62:AG62)-MOS!AI65 -> 3.125 | AJ62: =AVERAGE(B62:AG62) -> 2.03125
A63: Lovebird1_A4_6_to_7.avi | B63: 2 | C63: 2 | D63: 2 | E63: 2 | F63: 2 | G63: 2 | H63: 2 | I63: 3 | J63: 3 | K63: 1 | L63: 2 | M63: 3 | N63: 2 | O63: 2 | P63: 3 | Q63: 2 | R63: 3 | S63: 2 | T63: 2 | U63: 2 | V63: 3 | W63: 1 | X63: 2 | Y63: 1 | Z63: 2 | AA63: 3 | AB63: 2 | AC63: 3 | AD63: 2 | AE63: 2 | AF63: 1 | AG63: 3 | AI63: =5+AVERAGE(B63:AG63)-MOS!AI66 -> 2.90625 | AJ63: =AVERAGE(B63:AG63) -> 2.15625
A64: Lovebird1_A4_8_to_7.avi | B64: 2 | C64: 2 | D64: 2 | E64: 2 | F64: 2 | G64: 3 | H64: 2 | I64: 3 | J64: 2 | K64: 1 | L64: 2 | M64: 2 | N64: 3 | O64: 2 | P64: 2 | Q64: 2 | R64: 3 | S64: 2 | T64: 3 | U64: 2 | V64: 2 | W64: 1 | X64: 2 | Y64: 1 | Z64: 2 | AA64: 2 | AB64: 2 | AC64: 2 | AD64: 3 | AE64: 3 | AF64: 1 | AG64: 2 | AI64: =5+AVERAGE(B64:AG64)-MOS!AI66 -> 2.84375 | AJ64: =AVERAGE(B64:AG64) -> 2.09375
A65: Lovebird_cam_06 | B65: 2 | C65: 5 | D65: 4 | E65: 4 | F65: 4 | G65: 3 | H65: 3 | I65: 5 | J65: 2 | K65: 2 | L65: 3 | M65: 5 | N65: 4 | O65: 5 | P65: 4 | Q65: 5 | R65: 5 | S65: 3 | T65: 4 | U65: 4 | V65: 5 | W65: 4 | X65: 4 | Y65: 5 | Z65: 5 | AA65: 3 | AB65: 5 | AC65: 4 | AD65: 5 | AE65: 3 | AF65: 2 | AG65: 4 | AI65: =5+AVERAGE(B65:AG65)-MOS!AI65 -> 5 | AJ65: =AVERAGE(B65:AG65) -> 3.90625
A66: Lovebird_cam_07 | B66: 2 | C66: 4 | D66: 4 | E66: 5 | F66: 4 | G66: 4 | H66: 4 | I66: 5 | J66: 5 | K66: 3 | L66: 4 | M66: 4 | N66: 4 | O66: 4 | P66: 4 | Q66: 5 | R66: 4 | S66: 5 | T66: 5 | U66: 4 | V66: 4 | W66: 5 | X66: 4 | Y66: 5 | Z66: 5 | AA66: 4 | AB66: 4 | AC66: 5 | AD66: 4 | AE66: 5 | AF66: 3 | AG66: 5 | AI66: =5+AVERAGE(B66:AG66)-MOS!AI66 -> 5 | AJ66: =AVERAGE(B66:AG66) -> 4.25
A67: Lovebird_cam_08 | B67: 3 | C67: 5 | D67: 4 | E67: 4 | F67: 5 | G67: 4 | H67: 4 | I67: 4 | J67: 4 | K67: 2 | L67: 3 | M67: 4 | N67: 4 | O67: 4 | P67: 4 | Q67: 5 | R67: 5 | S67: 4 | T67: 5 | U67: 3 | V67: 5 | W67: 4 | X67: 4 | Y67: 4 | Z67: 5 | AA67: 3 | AB67: 5 | AC67: 3 | AD67: 5 | AE67: 4 | AF67: 2 | AG67: 4 | AI67: =5+AVERAGE(B67:AG67)-MOS!AI67 -> 5 | AJ67: =AVERAGE(B67:AG67) -> 4
A68: Lovebird_cam_06_qp26 | B68: 1 | C68: 3 | D68: 5 | E68: 4 | F68: 3 | G68: 4 | H68: 3 | I68: 4 | J68: 1 | K68: 2 | L68: 3 | M68: 3 | N68: 3 | O68: 4 | P68: 4 | Q68: 4 | R68: 5 | S68: 3 | T68: 5 | U68: 3 | V68: 4 | W68: 4 | X68: 4 | Y68: 4 | Z68: 3 | AA68: 3 | AB68: 3 | AC68: 4 | AD68: 5 | AE68: 3 | AF68: 2 | AG68: 4 | AI68: =5+AVERAGE(B68:AG68)-MOS!AI65 -> 4.53125 | AJ68: =AVERAGE(B68:AG68) -> 3.4375
A69: Lovebird_cam_06_qp34 | B69: 1 | C69: 2 | D69: 3 | E69: 2 | F69: 2 | G69: 1 | H69: 1 | I69: 2 | J69: 2 | K69: 1 | L69: 3 | M69: 3 | N69: 2 | O69: 3 | P69: 3 | Q69: 2 | R69: 3 | S69: 1 | T69: 2 | U69: 2 | V69: 3 | W69: 2 | X69: 3 | Y69: 3 | Z69: 5 | AA69: 1 | AB69: 2 | AC69: 3 | AD69: 4 | AE69: 2 | AF69: 1 | AG69: 3 | AI69: =5+AVERAGE(B69:AG69)-MOS!AI65 -> 3.375 | AJ69: =AVERAGE(B69:AG69) -> 2.28125
A70: Lovebird_cam_06_qp44 | B70: 1 | C70: 1 | D70: 1 | E70: 1 | F70: 1 | G70: 1 | H70: 1 | I70: 2 | J70: 1 | K70: 1 | L70: 1 | M70: 1 | N70: 1 | O70: 1 | P70: 1 | Q70: 1 | R70: 1 | S70: 2 | T70: 1 | U70: 1 | V70: 1 | W70: 1 | X70: 1 | Y70: 2 | Z70: 1 | AA70: 1 | AB70: 1 | AC70: 1 | AD70: 1 | AE70: 1 | AF70: 1 | AG70: 1 | AI70: =5+AVERAGE(B70:AG70)-MOS!AI65 -> 2.1875 | AJ70: =AVERAGE(B70:AG70) -> 1.09375
A71: Newspaper_A1_4_to_6.avi | B71: 1 | C71: 4 | D71: 3 | E71: 4 | F71: 2 | G71: 3 | H71: 2 | I71: 4 | J71: 2 | K71: 2 | L71: 2 | M71: 1 | N71: 3 | O71: 3 | P71: 2 | Q71: 1 | R71: 4 | S71: 1 | T71: 3 | U71: 2 | V71: 3 | W71: 3 | X71: 3 | Y71: 3 | Z71: 3 | AA71: 3 | AB71: 3 | AC71: 2 | AD71: 2 | AE71: 3 | AF71: 2 | AG71: 2 | AI71: =5+AVERAGE(B71:AG71)-MOS!AI101 -> 2.78125 | AJ71: =AVERAGE(B71:AG71) -> 2.53125
A72: Newspaper_A1_6_to_4.avi | B72: 2 | C72: 2 | D72: 2 | E72: 2 | F72: 1 | G72: 2 | H72: 1 | I72: 3 | J72: 1 | K72: 1 | L72: 2 | M72: 2 | N72: 2 | O72: 3 | P72: 3 | Q72: 1 | R72: 2 | S72: 1 | T72: 2 | U72: 3 | V72: 3 | W72: 3 | X72: 2 | Y72: 1 | Z72: 3 | AA72: 2 | AB72: 2 | AC72: 3 | AD72: 1 | AE72: 3 | AF72: 1 | AG72: 1 | AI72: =5+AVERAGE(B72:AG72)-MOS!AI99 -> 2.3125 | AJ72: =AVERAGE(B72:AG72) -> 1.96875
A73: Newspaper_A1_4_to_5.avi | B73: 3 | C73: 4 | D73: 3 | E73: 4 | F73: 4 | G73: 5 | H73: 4 | I73: 5 | J73: 4 | K73: 2 | L73: 3 | M73: 4 | N73: 4 | O73: 5 | P73: 2 | Q73: 1 | R73: 4 | S73: 3 | T73: 5 | U73: 4 | V73: 5 | W73: 4 | X73: 5 | Y73: 5 | Z73: 3 | AA73: 3 | AB73: 4 | AC73: 4 | AD73: 4 | AE73: 3 | AF73: 3 | AG73: 4 | AI73: =5+AVERAGE(B73:AG73)-MOS!AI100 -> 4.15625 | AJ73: =AVERAGE(B73:AG73) -> 3.75
A74: Newspaper_A1_6_to_5.avi | B74: 2 | C74: 4 | D74: 5 | E74: 3 | F74: 2 | G74: 3 | H74: 4 | I74: 5 | J74: 3 | K74: 1 | L74: 3 | M74: 3 | N74: 3 | O74: 4 | P74: 3 | Q74: 3 | R74: 4 | S74: 3 | T74: 4 | U74: 3 | V74: 3 | W74: 4 | X74: 3 | Y74: 4 | Z74: 3 | AA74: 4 | AB74: 3 | AC74: 3 | AD74: 3 | AE74: 4 | AF74: 2 | AG74: 5 | AI74: =5+AVERAGE(B74:AG74)-MOS!AI100 -> 3.71875 | AJ74: =AVERAGE(B74:AG74) -> 3.3125
A75: Newspaper_A2_4_to_6.avi | B75: 4 | C75: 3 | D75: 2 | E75: 2 | F75: 1 | G75: 3 | H75: 1 | I75: 3 | J75: 2 | K75: 1 | L75: 2 | M75: 1 | N75: 2 | O75: 2 | P75: 2 | Q75: 1 | R75: 3 | S75: 1 | T75: 3 | U75: 3 | V75: 2 | W75: 2 | X75: 2 | Y75: 3 | Z75: 2 | AA75: 3 | AB75: 2 | AC75: 2 | AD75: 1 | AE75: 2 | AF75: 1 | AG75: 3 | AI75: =5+AVERAGE(B75:AG75)-MOS!AI101 -> 2.34375 | AJ75: =AVERAGE(B75:AG75) -> 2.09375
A76: Newspaper_A2_6_to_4.avi | B76: 2 | C76: 2 | D76: 1 | E76: 2 | F76: 2 | G76: 1 | H76: 1 | I76: 3 | J76: 2 | K76: 1 | L76: 3 | M76: 2 | N76: 3 | O76: 2 | P76: 2 | Q76: 1 | R76: 3 | S76: 1 | T76: 2 | U76: 2 | V76: 3 | W76: 2 | X76: 2 | Y76: 1 | Z76: 2 | AA76: 2 | AB76: 2 | AC76: 2 | AD76: 2 | AE76: 2 | AF76: 1 | AG76: 3 | AI76: =5+AVERAGE(B76:AG76)-MOS!AI99 -> 2.28125 | AJ76: =AVERAGE(B76:AG76) -> 1.9375
A77: Newspaper_A2_4_to_5.avi | B77: 2 | C77: 3 | D77: 3 | E77: 3 | F77: 2 | G77: 4 | H77: 2 | I77: 3 | J77: 3 | K77: 2 | L77: 3 | M77: 4 | N77: 4 | O77: 4 | P77: 2 | Q77: 1 | R77: 3 | S77: 3 | T77: 5 | U77: 3 | V77: 2 | W77: 3 | X77: 3 | Y77: 3 | Z77: 2 | AA77: 3 | AB77: 3 | AC77: 3 | AD77: 3 | AE77: 3 | AF77: 1 | AG77: 3 | AI77: =5+AVERAGE(B77:AG77)-MOS!AI100 -> 3.25 | AJ77: =AVERAGE(B77:AG77) -> 2.84375
A78: Newspaper_A2_6_to_5.avi | B78: 3 | C78: 3 | D78: 2 | E78: 2 | F78: 2 | G78: 3 | H78: 2 | I78: 4 | J78: 3 | K78: 2 | L78: 3 | M78: 4 | N78: 3 | O78: 3 | P78: 3 | Q78: 1 | R78: 4 | S78: 1 | T78: 3 | U78: 3 | V78: 3 | W78: 2 | X78: 3 | Y78: 3 | Z78: 2 | AA78: 4 | AB78: 3 | AC78: 3 | AD78: 3 | AE78: 2 | AF78: 1 | AG78: 3 | AI78: =5+AVERAGE(B78:AG78)-MOS!AI100 -> 3.09375 | AJ78: =AVERAGE(B78:AG78) -> 2.6875
A79: Newspaper_A7_4_to_6.avi | B79: 1 | C79: 1 | D79: 1 | E79: 1 | F79: 1 | G79: 1 | H79: 1 | I79: 2 | J79: 1 | K79: 1 | L79: 1 | M79: 3 | N79: 1 | O79: 1 | P79: 1 | Q79: 1 | R79: 1 | S79: 2 | T79: 1 | U79: 1 | V79: 1 | W79: 1 | X79: 1 | Y79: 2 | Z79: 1 | AA79: 1 | AB79: 1 | AC79: 1 | AD79: 1 | AE79: 1 | AF79: 1 | AG79: 1 | AI79: =5+AVERAGE(B79:AG79)-MOS!AI101 -> 1.40625 | AJ79: =AVERAGE(B79:AG79) -> 1.15625
A80: Newspaper_A7_6_to_4.avi | B80: 1 | C80: 1 | D80: 1 | E80: 1 | F80: 1 | G80: 1 | H80: 1 | I80: 2 | J80: 1 | K80: 1 | L80: 1 | M80: 2 | N80: 1 | O80: 1 | P80: 1 | Q80: 1 | R80: 1 | S80: 1 | T80: 1 | U80: 1 | V80: 1 | W80: 1 | X80: 1 | Y80: 2 | Z80: 2 | AA80: 1 | AB80: 1 | AC80: 1 | AD80: 1 | AE80: 2 | AF80: 1 | AG80: 1 | AI80: =5+AVERAGE(B80:AG80)-MOS!AI99 -> 1.5 | AJ80: =AVERAGE(B80:AG80) -> 1.15625
A81: Newspaper_A7_4_to_5.avi | B81: 1 | C81: 1 | D81: 1 | E81: 1 | F81: 1 | G81: 2 | H81: 1 | I81: 2 | J81: 1 | K81: 1 | L81: 1 | M81: 3 | N81: 1 | O81: 1 | P81: 2 | Q81: 1 | R81: 1 | S81: 1 | T81: 1 | U81: 1 | V81: 1 | W81: 1 | X81: 1 | Y81: 2 | Z81: 1 | AA81: 1 | AB81: 1 | AC81: 1 | AD81: 1 | AE81: 1 | AF81: 1 | AG81: 1 | AI81: =5+AVERAGE(B81:AG81)-MOS!AI100 -> 1.59375 | AJ81: =AVERAGE(B81:AG81) -> 1.1875
A82: Newspaper_A7_6_to_5.avi | B82: 1 | C82: 1 | D82: 2 | E82: 2 | F82: 1 | G82: 1 | H82: 1 | I82: 1 | J82: 1 | K82: 1 | L82: 1 | M82: 3 | N82: 1 | O82: 2 | P82: 2 | Q82: 1 | R82: 1 | S82: 2 | T82: 1 | U82: 1 | V82: 2 | W82: 1 | X82: 1 | Y82: 2 | Z82: 1 | AA82: 1 | AB82: 1 | AC82: 1 | AD82: 1 | AE82: 1 | AF82: 1 | AG82: 1 | AI82: =5+AVERAGE(B82:AG82)-MOS!AI100 -> 1.6875 | AJ82: =AVERAGE(B82:AG82) -> 1.28125
A83: Newspaper_A6_4_to_6.avi | B83: 1 | C83: 1 | D83: 2 | E83: 2 | F83: 1 | G83: 2 | H83: 1 | I83: 2 | J83: 1 | K83: 1 | L83: 1 | M83: 2 | N83: 1 | O83: 2 | P83: 2 | Q83: 1 | R83: 2 | S83: 1 | T83: 1 | U83: 2 | V83: 1 | W83: 1 | X83: 2 | Y83: 2 | Z83: 1 | AA83: 2 | AB83: 1 | AC83: 2 | AD83: 2 | AE83: 1 | AF83: 1 | AG83: 1 | AI83: =5+AVERAGE(B83:AG83)-MOS!AI101 -> 1.6875 | AJ83: =AVERAGE(B83:AG83) -> 1.4375
A84: Newspaper_A6_6_to_4.avi | B84: 2 | C84: 1 | D84: 2 | E84: 2 | F84: 2 | G84: 2 | H84: 2 | I84: 2 | J84: 1 | K84: 1 | L84: 1 | M84: 2 | N84: 2 | O84: 2 | P84: 1 | Q84: 1 | R84: 3 | S84: 1 | T84: 1 | U84: 2 | V84: 2 | W84: 2 | X84: 1 | Y84: 1 | Z84: 2 | AA84: 2 | AB84: 1 | AC84: 2 | AD84: 1 | AE84: 1 | AF84: 1 | AG84: 2 | AI84: =5+AVERAGE(B84:AG84)-MOS!AI99 -> 1.9375 | AJ84: =AVERAGE(B84:AG84) -> 1.59375
A85: Newspaper_A6_4_to_5.avi | B85: 2 | C85: 2 | D85: 3 | E85: 3 | F85: 2 | G85: 2 | H85: 2 | I85: 3 | J85: 3 | K85: 1 | L85: 2 | M85: 2 | N85: 2 | O85: 2 | P85: 2 | Q85: 2 | R85: 4 | S85: 2 | T85: 4 | U85: 2 | V85: 2 | W85: 2 | X85: 3 | Y85: 3 | Z85: 2 | AA85: 2 | AB85: 2 | AC85: 2 | AD85: 3 | AE85: 2 | AF85: 1 | AG85: 3 | AI85: =5+AVERAGE(B85:AG85)-MOS!AI100 -> 2.71875 | AJ85: =AVERAGE(B85:AG85) -> 2.3125
A86: Newspaper_A6_6_to_5.avi | B86: 2 | C86: 2 | D86: 2 | E86: 2 | F86: 2 | G86: 3 | H86: 2 | I86: 3 | J86: 3 | K86: 2 | L86: 3 | M86: 3 | N86: 3 | O86: 2 | P86: 2 | Q86: 1 | R86: 3 | S86: 2 | T86: 3 | U86: 3 | V86: 2 | W86: 2 | X86: 3 | Y86: 1 | Z86: 2 | AA86: 3 | AB86: 2 | AC86: 2 | AD86: 2 | AE86: 3 | AF86: 1 | AG86: 2 | AI86: =5+AVERAGE(B86:AG86)-MOS!AI100 -> 2.6875 | AJ86: =AVERAGE(B86:AG86) -> 2.28125
A87: Newspaper_A5_4_to_6.avi | B87: 2 | C87: 1 | D87: 2 | E87: 2 | F87: 1 | G87: 2 | H87: 1 | I87: 2 | J87: 1 | K87: 1 | L87: 2 | M87: 1 | N87: 1 | O87: 2 | P87: 1 | Q87: 1 | R87: 2 | S87: 2 | T87: 1 | U87: 1 | V87: 1 | W87: 1 | X87: 1 | Y87: 3 | Z87: 1 | AA87: 2 | AB87: 1 | AC87: 2 | AD87: 1 | AE87: 1 | AF87: 1 | AG87: 1 | AI87: =5+AVERAGE(B87:AG87)-MOS!AI101 -> 1.65625 | AJ87: =AVERAGE(B87:AG87) -> 1.40625
A88: Newspaper_A5_6_to_4.avi | B88: 2 | C88: 1 | D88: 2 | E88: 2 | F88: 2 | G88: 1 | H88: 1 | I88: 3 | J88: 1 | K88: 1 | L88: 2 | M88: 2 | N88: 2 | O88: 3 | P88: 1 | Q88: 1 | R88: 2 | S88: 2 | T88: 1 | U88: 1 | V88: 2 | W88: 2 | X88: 1 | Y88: 3 | Z88: 1 | AA88: 2 | AB88: 1 | AC88: 2 | AD88: 2 | AE88: 2 | AF88: 1 | AG88: 2 | AI88: =5+AVERAGE(B88:AG88)-MOS!AI99 -> 2.03125 | AJ88: =AVERAGE(B88:AG88) -> 1.6875
A89: Newspaper_A5_4_to_5.avi | B89: 2 | C89: 2 | D89: 1 | E89: 2 | F89: 1 | G89: 3 | H89: 2 | I89: 3 | J89: 3 | K89: 2 | L89: 2 | M89: 3 | N89: 3 | O89: 3 | P89: 2 | Q89: 1 | R89: 2 | S89: 1 | T89: 2 | U89: 2 | V89: 2 | W89: 1 | X89: 2 | Y89: 1 | Z89: 2 | AA89: 2 | AB89: 1 | AC89: 2 | AD89: 2 | AE89: 2 | AF89: 1 | AG89: 2 | AI89: =5+AVERAGE(B89:AG89)-MOS!AI100 -> 2.34375 | AJ89: =AVERAGE(B89:AG89) -> 1.9375
A90: Newspaper_A5_6_to_5.avi | B90: 2 | C90: 2 | D90: 2 | E90: 3 | F90: 1 | G90: 3 | H90: 2 | I90: 3 | J90: 2 | K90: 1 | L90: 2 | M90: 3 | N90: 3 | O90: 3 | P90: 2 | Q90: 1 | R90: 2 | S90: 1 | T90: 3 | U90: 2 | V90: 2 | W90: 1 | X90: 2 | Y90: 3 | Z90: 2 | AA90: 2 | AB90: 1 | AC90: 3 | AD90: 2 | AE90: 2 | AF90: 1 | AG90: 2 | AI90: =5+AVERAGE(B90:AG90)-MOS!AI100 -> 2.46875 | AJ90: =AVERAGE(B90:AG90) -> 2.0625
A91: Newspaper_A3_4_to_6.avi | B91: 2 | C91: 1 | D91: 1 | E91: 2 | F91: 1 | G91: 2 | H91: 1 | I91: 3 | J91: 1 | K91: 1 | L91: 1 | M91: 2 | N91: 2 | O91: 1 | P91: 1 | Q91: 1 | R91: 3 | S91: 2 | T91: 2 | U91: 2 | V91: 2 | W91: 1 | X91: 2 | Y91: 2 | Z91: 1 | AA91: 2 | AB91: 2 | AC91: 2 | AD91: 1 | AE91: 1 | AF91: 1 | AG91: 1 | AI91: =5+AVERAGE(B91:AG91)-MOS!AI101 -> 1.8125 | AJ91: =AVERAGE(B91:AG91) -> 1.5625
A92: Newspaper_A3_6_to_4.avi | B92: 2 | C92: 2 | D92: 2 | E92: 2 | F92: 1 | G92: 2 | H92: 1 | I92: 3 | J92: 2 | K92: 1 | L92: 2 | M92: 3 | N92: 2 | O92: 2 | P92: 1 | Q92: 1 | R92: 3 | S92: 1 | T92: 2 | U92: 2 | V92: 2 | W92: 3 | X92: 1 | Y92: 1 | Z92: 2 | AA92: 2 | AB92: 3 | AC92: 2 | AD92: 1 | AE92: 3 | AF92: 1 | AG92: 2 | AI92: =5+AVERAGE(B92:AG92)-MOS!AI99 -> 2.21875 | AJ92: =AVERAGE(B92:AG92) -> 1.875
A93: Newspaper_A3_4_to_5.avi | B93: 3 | C93: 3 | D93: 2 | E93: 3 | F93: 2 | G93: 3 | H93: 2 | I93: 3 | J93: 2 | K93: 2 | L93: 3 | M93: 3 | N93: 3 | O93: 3 | P93: 2 | Q93: 1 | R93: 3 | S93: 1 | T93: 2 | U93: 3 | V93: 2 | W93: 2 | X93: 3 | Y93: 1 | Z93: 2 | AA93: 3 | AB93: 2 | AC93: 3 | AD93: 2 | AE93: 2 | AF93: 1 | AG93: 2 | AI93: =5+AVERAGE(B93:AG93)-MOS!AI100 -> 2.71875 | AJ93: =AVERAGE(B93:AG93) -> 2.3125
A94: Newspaper_A3_6_to_5.avi | B94: 2 | C94: 3 | D94: 2 | E94: 2 | F94: 4 | G94: 3 | H94: 2 | I94: 3 | J94: 3 | K94: 2 | L94: 3 | M94: 3 | N94: 3 | O94: 3 | P94: 3 | Q94: 1 | R94: 3 | S94: 3 | T94: 3 | U94: 3 | V94: 2 | W94: 1 | X94: 4 | Y94: 1 | Z94: 2 | AA94: 3 | AB94: 2 | AC94: 3 | AD94: 2 | AE94: 2 | AF94: 1 | AG94: 3 | AI94: =5+AVERAGE(B94:AG94)-MOS!AI100 -> 2.90625 | AJ94: =AVERAGE(B94:AG94) -> 2.5
A95: Newspaper_A4_4_to_6.avi | B95: 2 | C95: 1 | D95: 1 | E95: 3 | F95: 1 | G95: 2 | H95: 1 | I95: 3 | J95: 1 | K95: 1 | L95: 1 | M95: 2 | N95: 2 | O95: 1 | P95: 2 | Q95: 1 | R95: 3 | S95: 1 | T95: 1 | U95: 2 | V95: 2 | W95: 2 | X95: 2 | Y95: 1 | Z95: 2 | AA95: 2 | AB95: 1 | AC95: 2 | AD95: 1 | AE95: 2 | AF95: 1 | AG95: 2 | AI95: =5+AVERAGE(B95:AG95)-MOS!AI101 -> 1.875 | AJ95: =AVERAGE(B95:AG95) -> 1.625
A96: Newspaper_A4_6_to_4.avi | B96: 2 | C96: 2 | D96: 2 | E96: 2 | F96: 1 | G96: 3 | H96: 1 | I96: 3 | J96: 1 | K96: 1 | L96: 2 | M96: 2 | N96: 3 | O96: 2 | P96: 1 | Q96: 1 | R96: 3 | S96: 1 | T96: 1 | U96: 2 | V96: 2 | W96: 1 | X96: 2 | Y96: 1 | Z96: 2 | AA96: 2 | AB96: 1 | AC96: 2 | AD96: 2 | AE96: 2 | AF96: 1 | AG96: 2 | AI96: =5+AVERAGE(B96:AG96)-MOS!AI99 -> 2.09375 | AJ96: =AVERAGE(B96:AG96) -> 1.75
A97: Newspaper_A4_4_to_5.avi | B97: 2 | C97: 2 | D97: 2 | E97: 2 | F97: 2 | G97: 3 | H97: 2 | I97: 3 | J97: 2 | K97: 2 | L97: 3 | M97: 2 | N97: 3 | O97: 3 | P97: 2 | Q97: 1 | R97: 3 | S97: 2 | T97: 2 | U97: 3 | V97: 3 | W97: 3 | X97: 2 | Y97: 1 | Z97: 2 | AA97: 2 | AB97: 2 | AC97: 2 | AD97: 2 | AE97: 3 | AF97: 1 | AG97: 2 | AI97: =5+AVERAGE(B97:AG97)-MOS!AI100 -> 2.625 | AJ97: =AVERAGE(B97:AG97) -> 2.21875
A98: Newspaper_A4_6_to_5.avi | B98: 2 | C98: 2 | D98: 3 | E98: 2 | F98: 2 | G98: 3 | H98: 2 | I98: 3 | J98: 2 | K98: 2 | L98: 3 | M98: 3 | N98: 3 | O98: 3 | P98: 2 | Q98: 1 | R98: 3 | S98: 2 | T98: 3 | U98: 2 | V98: 3 | W98: 2 | X98: 3 | Y98: 3 | Z98: 2 | AA98: 2 | AB98: 1 | AC98: 2 | AD98: 2 | AE98: 3 | AF98: 1 | AG98: 3 | AI98: =5+AVERAGE(B98:AG98)-MOS!AI100 -> 2.75 | AJ98: =AVERAGE(B98:AG98) -> 2.34375
A99: Newspaper_cam_04 | B99: 4 | C99: 5 | D99: 4 | E99: 4 | F99: 5 | G99: 5 | H99: 4 | I99: 5 | J99: 5 | K99: 4 | L99: 4 | M99: 5 | N99: 4 | O99: 5 | P99: 5 | Q99: 5 | R99: 5 | S99: 5 | T99: 5 | U99: 5 | V99: 5 | W99: 5 | X99: 5 | Y99: 4 | Z99: 4 | AA99: 5 | AB99: 5 | AC99: 5 | AD99: 5 | AE99: 5 | AF99: 3 | AG99: 5 | AI99: =5+AVERAGE(B99:AG99)-MOS!AI99 -> 5 | AJ99: =AVERAGE(B99:AG99) -> 4.65625
A100: Newspaper_cam_05 | B100: 4 | C100: 4 | D100: 5 | E100: 5 | F100: 4 | G100: 4 | H100: 4 | I100: 5 | J100: 4 | K100: 4 | L100: 4 | M100: 4 | N100: 5 | O100: 5 | P100: 5 | Q100: 5 | R100: 5 | S100: 5 | T100: 5 | U100: 5 | V100: 5 | W100: 5 | X100: 5 | Y100: 5 | Z100: 5 | AA100: 5 | AB100: 4 | AC100: 5 | AD100: 4 | AE100: 5 | AF100: 3 | AG100: 5 | AI100: =5+AVERAGE(B100:AG100)-MOS!AI100 -> 5 | AJ100: =AVERAGE(B100:AG100) -> 4.59375
...
